{"cameraMode":{"drawMode":0,"name":"Shaded","section":"Shading Mode"},"sceneLighting":true,"audioPlay":false,"sceneViewState":{"showFog":true,"showMaterialUpdate":false,"showSkybox":true,"showFlares":true,"showImageEffects":true,"showParticleSystems":true},"in2DMode":false,"pivot":{"x":0.2278193086385727,"y":1.5758287906646729,"z":0.0},"rotation":{"x":0.013495616614818573,"y":0.024291345849633218,"z":-0.0003279846569057554,"w":0.9996141195297241},"size":14.41944408416748,"orthographic":true}