{"cameraMode":{"drawMode":0,"name":"Shaded","section":"Shading Mode"},"sceneLighting":true,"audioPlay":false,"sceneViewState":{"showFog":true,"showMaterialUpdate":false,"showSkybox":true,"showFlares":true,"showImageEffects":true,"showParticleSystems":true},"in2DMode":false,"pivot":{"x":-0.09948524832725525,"y":-0.08900564163923264,"z":0.012949520722031594},"rotation":{"x":0.017999019473791124,"y":0.00029625414754264057,"z":-0.000005315534053806914,"w":0.9998387098312378},"size":24.49822998046875,"orthographic":true}