{"cameraMode":{"drawMode":0,"name":"Shaded","section":"Shading Mode"},"sceneLighting":true,"audioPlay":false,"sceneViewState":{"showFog":true,"showMaterialUpdate":false,"showSkybox":true,"showFlares":true,"showImageEffects":true,"showParticleSystems":true},"in2DMode":false,"pivot":{"x":-0.09948524832725525,"y":-0.08900564163923264,"z":0.012949520722031594},"rotation":{"x":-0.001771063543856144,"y":0.8071394562721252,"z":0.002421417972072959,"w":0.5903538465499878},"size":9.442852973937989,"orthographic":true}