{"cameraMode":{"drawMode":0,"name":"Shaded","section":"Shading Mode"},"sceneLighting":true,"audioPlay":false,"sceneViewState":{"showFog":true,"showMaterialUpdate":false,"showSkybox":true,"showFlares":true,"showImageEffects":true,"showParticleSystems":true},"in2DMode":false,"pivot":{"x":-0.09948515892028809,"y":-0.08900564163923264,"z":0.012949466705322266},"rotation":{"x":0.159783273935318,"y":-0.018955152481794359,"z":0.003068773075938225,"w":0.9869689345359802},"size":5.8988542556762699,"orthographic":true}