{"cameraMode":{"drawMode":0,"name":"Shaded","section":"Shading Mode"},"sceneLighting":false,"audioPlay":false,"sceneViewState":{"showFog":true,"showMaterialUpdate":false,"showSkybox":false,"showFlares":true,"showImageEffects":true,"showParticleSystems":true},"in2DMode":false,"pivot":{"x":0.0,"y":0.07636427879333496,"z":-1.1720082759857178},"rotation":{"x":-0.014956971630454064,"y":0.0752163976430893,"z":0.0011282834457233549,"w":0.997054934501648},"size":19.022607803344728,"orthographic":true}