{"cameraMode":{"drawMode":0,"name":"Shaded","section":"Shading Mode"},"sceneLighting":true,"audioPlay":false,"sceneViewState":{"showFog":true,"showMaterialUpdate":false,"showSkybox":true,"showFlares":true,"showImageEffects":true,"showParticleSystems":true},"in2DMode":false,"pivot":{"x":0.2278193086385727,"y":1.5758287906646729,"z":0.0},"rotation":{"x":-0.014956971630454064,"y":0.0752163976430893,"z":0.0011282834457233549,"w":0.997054934501648},"size":88.92948150634766,"orthographic":true}