{"cameraMode":{"drawMode":0,"name":"Shaded","section":"Shading Mode"},"sceneLighting":true,"audioPlay":false,"sceneViewState":{"showFog":true,"showMaterialUpdate":false,"showSkybox":true,"showFlares":true,"showImageEffects":true,"showParticleSystems":true},"in2DMode":false,"pivot":{"x":-0.09948524832725525,"y":-0.08900564163923264,"z":0.012949520722031594},"rotation":{"x":-0.014956971630454064,"y":0.0752163976430893,"z":0.0011282834457233549,"w":0.997054934501648},"size":37.19197463989258,"orthographic":true}